{
	"cell_count": 10,
	"keys": {
		"": 0,
		"aku": 1,
		"belum": 2,
		"mandi": 3
	},
	"weights": [
		[
			0.762505093558485,
			1.06933423907863,
			-0.95278335002956,
			-0.3362988628799,
			-0.34957265235793,
			0.172690158854229,
			-0.7680332234553,
			1.7061569436774,
			1.91842234033959,
			-0.07104347673156
		],
		[
			0.762505093558485,
			1.06933423907863,
			-0.95278335002956,
			-0.3362988628799,
			-0.34957265235793,
			0.172690158854229,
			-0.7680332234553,
			1.7061569436774,
			1.91842234033959,
			-0.07104347673156
		],
		[
			-1.46723288808953,
			-1.67566188887765,
			-0.25125781404546,
			-0.02995758559897,
			1.35750463496024,
			-1.20338525062179,
			-0.5691203654945,
			-1.64660463779973,
			-1.00867829609563,
			-1.00834765499893
		],
		[
			-0.68033206607561,
			-0.33296620147261,
			0.81681923484453,
			1.75195946136034,
			-1.84153415217239,
			0.394297238767056,
			1.18993526293741,
			0.547787329104222,
			1.86961159229815,
			0.270169051235399
		]
	]
}
