{
	"layer": [
		{
			"vector_size": 4,
			"query": {
				"row": 4,
				"col": 4,
				"data": [
					[
						0.34373017531655,
						-0.48613442642217,
						0.252727417812036,
						0.0125233506255783
					],
					[
						2.11622425957716,
						-2.30856886686019,
						2.27013212653045,
						-0.2835924904977
					],
					[
						2.24366501944668,
						-2.23452742501537,
						2.50655879163054,
						-0.28914386239217
					],
					[
						0.70073293795294,
						-1.00785750095778,
						0.707351039030444,
						-0.00002148057576
					]
				]
			},
			"key": {
				"row": 4,
				"col": 4,
				"data": [
					[
						1.30913655566539,
						-1.25095756089681,
						1.48184784070716,
						-0.27824160589502
					],
					[
						1.42848957991891,
						-1.7308688028724,
						1.46505355457605,
						-0.18961547132525
					],
					[
						0.154253855015739,
						-0.38937101634764,
						0.0645388167725156,
						0.0606157037542112
					],
					[
						2.53970512960102,
						-2.65056998164686,
						2.7862257948452,
						-0.24337224601584
					]
				]
			},
			"value": {
				"row": 4,
				"col": 4,
				"data": [
					[
						0.117228087646826,
						0.09519317311137,
						-0.50693476570866,
						0.225466234503886
					],
					[
						0.0707432425152406,
						-0.11918430022321,
						-0.54902587154284,
						0.430615892730176
					],
					[
						-0.11249473014758,
						-0.01809667233547,
						0.0584239127027111,
						0.167687562445731
					],
					[
						0.0275430745538529,
						-0.06154196867785,
						-0.95010828148166,
						0.46207006200093
					]
				]
			}
		}
	],
	"wem": {
		"sequence_length": 2,
		"vector_size": 4,
		"word_dict": {
			"<p>": 0,
			"1": 1,
			"2": 2,
			"3": 3,
			"4": 4
		},
		"embedding": {
			"row": 5,
			"col": 4,
			"data": [
				[
					-0.20013217677762,
					-0.63204229983818,
					0.15815752433226,
					0.529186735963812
				],
				[
					0.272820642199895,
					-0.46366755784879,
					0.903735047422706,
					-0.67226774870227
				],
				[
					0.458031099452869,
					-0.21721303393923,
					-0.32575171924388,
					-0.85822744587009
				],
				[
					0.987395929922046,
					0.34255053418993,
					-1.43403377089515,
					-0.07604367905923
				],
				[
					-0.14631697987825,
					-0.11930871253811,
					-0.90827208705631,
					1.2164258318455
				]
			]
		},
		"pe_cache": {
			"row": 2,
			"col": 4,
			"data": [
				[
					0,
					1,
					0,
					1
				],
				[
					0.841470984807897,
					0.54030230586814,
					0.0998334166468282,
					0.995004165278026
				]
			]
		}
	}
}