{
	"layer": [
		{
			"vector_size": 4,
			"head_size": 2,
			"query": {
				"row": 4,
				"col": 4,
				"data": [
					[
						-2.01260750416875,
						1.45960220811178,
						-0.00271833677063,
						-0.00441611311258
					],
					[
						-0.3883916218414,
						0.274899256862663,
						-0.00599606951177,
						0.00188554789156132
					],
					[
						2.99833867277203,
						-2.16602351804493,
						0.00837361601463444,
						0.00377025336153432
					],
					[
						-0.37228360964642,
						0.267209295559113,
						-0.0018571411078,
						-0.00160492910993
					]
				]
			},
			"key": {
				"row": 4,
				"col": 4,
				"data": [
					[
						-1.38822184491435,
						1.01345059640305,
						-0.00888234425443,
						-0.00124298280193
					],
					[
						1.95312218240178,
						-1.41438465937007,
						0.00344649433164561,
						0.00829685418466757
					],
					[
						2.55342799251921,
						-1.83831385630604,
						0.00535762785811476,
						0.000120119123688842
					],
					[
						1.0289006301791,
						-0.7462397020108,
						-0.00119205448986,
						-0.00097195613823
					]
				]
			},
			"value": {
				"row": 4,
				"col": 4,
				"data": [
					[
						0.075125847045796,
						-0.11217666375781,
						-0.02938307211436,
						-0.01534111428503
					],
					[
						-0.23315067909099,
						0.295552019820083,
						0.0955558454538799,
						-0.05091886356756
					],
					[
						-0.31781413426124,
						0.405318843365704,
						0.122295689051767,
						-0.05125385070985
					],
					[
						-0.25269014179184,
						0.300519383380602,
						0.0937650910155475,
						-0.06781036825034
					]
				]
			}
		}
	],
	"wem": {
		"sequence_length": 10,
		"vector_size": 4,
		"word_dict": {
			"<p>": 0,
			"0": 1,
			"1": 2,
			"2": 3,
			"3": 4,
			"4": 5,
			"5": 6,
			"6": 7,
			"7": 8,
			"8": 9,
			"9": 10
		},
		"embedding": {
			"row": 11,
			"col": 4,
			"data": [
				[
					-0.8640829729817,
					0.920286053374462,
					0.897057152133994,
					-0.34471013262503
				],
				[
					0.138859336006309,
					-0.1141588576406,
					-0.32822747157199,
					-0.0725873196521
				],
				[
					-0.07894870291459,
					0.147013127985104,
					0.315497335317049,
					-0.39458033619441
				],
				[
					0.256285287764168,
					-0.05534729675895,
					-0.09105047561219,
					-0.08126488233328
				],
				[
					0.0141399197171037,
					-0.20922675434361,
					-0.20320793104231,
					0.132402649989908
				],
				[
					0.2289119845313,
					0.659197102607779,
					0.134930593190645,
					0.248043591869045
				],
				[
					0.326090394231179,
					0.16923739186155,
					0.0928994571069438,
					0.56989555096251
				],
				[
					-0.25881429138255,
					-0.36495947918316,
					-0.18728749126375,
					0.243541737490616
				],
				[
					0.0283267362327498,
					-0.04522649887411,
					-0.2074120207716,
					-0.22154013092548
				],
				[
					0.0248871954911768,
					0.186003915411779,
					-0.48495302570824,
					-0.24848589585035
				],
				[
					-0.12068257773115,
					-0.67329431350984,
					0.648776051515119,
					-0.2580371130551
				]
			]
		},
		"pe_cache": {
			"row": 10,
			"col": 4,
			"data": [
				[
					0,
					1,
					0,
					1
				],
				[
					0.841470984807897,
					0.54030230586814,
					0.0998334166468282,
					0.995004165278026
				],
				[
					0.909297426825682,
					-0.41614683654714,
					0.198669330795061,
					0.980066577841242
				],
				[
					0.141120008059867,
					-0.98999249660045,
					0.29552020666134,
					0.955336489125606
				],
				[
					-0.75680249530793,
					-0.65364362086361,
					0.389418342308651,
					0.921060994002885
				],
				[
					-0.95892427466314,
					0.283662185463226,
					0.479425538604203,
					0.877582561890373
				],
				[
					-0.27941549819893,
					0.960170286650366,
					0.564642473395035,
					0.825335614909678
				],
				[
					0.656986598718789,
					0.753902254343305,
					0.644217687237691,
					0.764842187284489
				],
				[
					0.989358246623382,
					-0.14550003380861,
					0.717356090899523,
					0.696706709347165
				],
				[
					0.412118485241757,
					-0.91113026188468,
					0.783326909627483,
					0.621609968270664
				]
			]
		}
	}
}