{
	"rowsize": 10, 
	"colsize": 10, 
	"data": [
		[0.999999999999999889, 0.000000000000000056, 0.000000000000000083, 0.000000000000000194, -0.000000000000000402, 0.000000000000000049, 0.000000000000000004, 0.000000000000000389, 0.000000000000000014, 0.000000000000000174], 
		[-0.000000000000000621, 1.000000000000000000, 0.000000000000000111, -0.000000000000000167, -0.000000000000000944, -0.000000000000000111, -0.000000000000000002, 0.000000000000000333, 0.000000000000000333, 0.000000000000000330], 
		[-0.000000000000000216, 0.000000000000000094, 1.000000000000000000, 0.000000000000000416, 0.000000000000000076, 0.000000000000000128, -0.000000000000000117, 0.000000000000000135, 0.000000000000000399, 0.000000000000000304], 
		[0.000000000000000005, -0.000000000000000167, 0.000000000000000278, 0.999999999999999778, -0.000000000000000389, 0.000000000000000194, 0.000000000000000340, 0.000000000000000056, -0.000000000000000361, 0.000000000000000076], 
		[-0.000000000000000103, 0.000000000000000056, 0.000000000000000028, 0.000000000000000056, 1.000000000000000444, -0.000000000000000243, -0.000000000000000168, 0.000000000000000083, 0.000000000000000028, 0.000000000000000065], 
		[0.000000000000000360, 0.000000000000000000, 0.000000000000000236, -0.000000000000000368, -0.000000000000000361, 1.000000000000000222, -0.000000000000000351, -0.000000000000000056, -0.000000000000000500, 0.000000000000000134], 
		[-0.000000000000000229, 0.000000000000000056, -0.000000000000000187, 0.000000000000000173, 0.000000000000000139, -0.000000000000000146, 1.000000000000000444, 0.000000000000000139, 0.000000000000000444, 0.000000000000000121], 
		[-0.000000000000000137, 0.000000000000000167, 0.000000000000000361, 0.000000000000000153, -0.000000000000000139, -0.000000000000000042, -0.000000000000000115, 1.000000000000000000, -0.000000000000000083, -0.000000000000000108], 
		[0.000000000000000215, 0.000000000000000111, -0.000000000000000527, 0.000000000000000347, 0.000000000000000527, -0.000000000000000056, 0.000000000000000192, 0.000000000000000028, 1.000000000000000444, 0.000000000000000026], [-0.000000000000000468, 0.000000000000000222, 0.000000000000000361, 0.000000000000000250, -0.000000000000000389, -0.000000000000000028, -0.000000000000000099, 0.000000000000000000, 0.000000000000000319, 1.000000000000000222]
	]
}