{
	"biases": [
		-0.54817117994714,
		0.855673007122815,
		0.674426977785221,
		0.579389718960174
	],
	"last": 0.000000000171193059728125,
	"weights": [
		[
			-0.04529180344338,
			0.440785577030739
		],
		[
			0.582288027584528,
			-0.29727782260734
		],
		[
			-0.03514791321737,
			-0.22458607362299
		],
		[
			0.70990121233616,
			0.357751046730427
		]
	]
}
